"","state","year","cigsale","lnincome","beer","age15to24","retprice","stateno"
"1","Alabama",1970,89.8,NA,NA,0.17886178,39.6,1
"2","Alabama",1971,95.4,NA,NA,0.17992784,42.7,1
"3","Alabama",1972,101.1,9.498476,NA,0.1809939,42.3,1
"4","Alabama",1973,102.9,9.550107,NA,0.18205994,42.1,1
"5","Alabama",1974,108.2,9.537163,NA,0.183126,43.1,1
"6","Alabama",1975,111.7,9.540031,NA,0.18419206,46.6,1
"7","Alabama",1976,116.2,9.5919075,NA,0.18525812,50.4,1
"8","Alabama",1977,117.1,9.617496,NA,0.18632418,50.1,1
"9","Alabama",1978,123,9.654072,NA,0.18739022,55.1,1
"10","Alabama",1979,121.4,9.64918,NA,0.18845628,56.8,1
"11","Alabama",1980,123.2,9.612194,NA,0.18952234,60.6,1
"12","Alabama",1981,119.6,9.609594,NA,0.18584223,68.8,1
"13","Alabama",1982,119.1,9.59758,NA,0.18216212,73.1,1
"14","Alabama",1983,116.3,9.626769,NA,0.17848201,84.4,1
"15","Alabama",1984,113,9.671621,18,0.1748019,90.8,1
"16","Alabama",1985,114.5,9.703193,18.7,0.17112179,99,1
"17","Alabama",1986,116.3,9.74595,19.3,0.16744168,103,1
"18","Alabama",1987,114,9.762092,19.4,0.16376157,110,1
"19","Alabama",1988,112.1,9.78177,19.4,0.16008146,114.4,1
"20","Alabama",1989,105.6,9.802527,19.4,0.15640135,122.3,1
"21","Alabama",1990,108.6,9.81429,20.1,0.15272124,139.1,1
"22","Alabama",1991,107.9,9.81926,20.1,NA,144.4,1
"23","Alabama",1992,109.1,9.845286,20.4,NA,172.2,1
"24","Alabama",1993,108.5,9.85216,20.3,NA,176.2,1
"25","Alabama",1994,107.1,9.879334,21,NA,154.6,1
"26","Alabama",1995,102.6,9.924404,20.6,NA,155.1,1
"27","Alabama",1996,101.4,9.940027,21,NA,158.3,1
"28","Alabama",1997,104.9,9.93727,20.8,NA,167.4,1
"29","Alabama",1998,106.2,NA,NA,NA,180.5,1
"30","Alabama",1999,100.7,NA,NA,NA,195.6,1
"31","Alabama",2000,96.2,NA,NA,NA,270.7,1
"32","Arkansas",1970,100.3,NA,NA,0.16900676,36.7,2
"33","Arkansas",1971,104.1,NA,NA,0.16995385,38.8,2
"34","Arkansas",1972,103.9,9.464514,NA,0.17090096,44.1,2
"35","Arkansas",1973,108,9.55683,NA,0.17184804,45.1,2
"36","Arkansas",1974,109.7,9.542286,NA,0.17279513,45.5,2
"37","Arkansas",1975,114.8,9.514094,NA,0.17374223,48.6,2
"38","Arkansas",1976,119.1,9.558153,NA,0.17468932,50.9,2
"39","Arkansas",1977,122.6,9.590923,NA,0.17563641,52.6,2
"40","Arkansas",1978,127.3,9.657238,NA,0.1765835,56.5,2
"41","Arkansas",1979,126.5,9.6335335,NA,0.1775306,58.4,2
"42","Arkansas",1980,131.8,9.573803,NA,0.17847769,61.5,2
"43","Arkansas",1981,128.7,9.593041,NA,0.17501111,64.7,2
"44","Arkansas",1982,127.4,9.5737,NA,0.17154454,72.1,2
"45","Arkansas",1983,128,9.593053,NA,0.16807795,82,2
"46","Arkansas",1984,123.1,9.65044,17.9,0.16461137,93.6,2
"47","Arkansas",1985,125.8,9.675527,18.1,0.1611448,98.5,2
"48","Arkansas",1986,126,9.705939,18.7,0.15767822,103.6,2
"49","Arkansas",1987,122.3,9.705574,19,0.15421164,113,2
"50","Arkansas",1988,121.5,9.721532,18.9,0.15074505,119.9,2
"51","Arkansas",1989,118.3,9.7373705,19,0.14727847,127.7,2
"52","Arkansas",1990,113.1,9.736311,19.9,0.1438119,141.2,2
"53","Arkansas",1991,116.8,9.743068,19.9,NA,146.5,2
"54","Arkansas",1992,126,9.788629,20,NA,177.3,2
"55","Arkansas",1993,113.8,9.785142,19.7,NA,179.9,2
"56","Arkansas",1994,108.8,9.813631,19.7,NA,168.1,2
"57","Arkansas",1995,113,9.86446,19.5,NA,167.3,2
"58","Arkansas",1996,110.7,9.885234,20.1,NA,167.1,2
"59","Arkansas",1997,108.7,9.883107,19.8,NA,181.3,2
"60","Arkansas",1998,109.5,NA,NA,NA,187.3,2
"61","Arkansas",1999,104.8,NA,NA,NA,206.9,2
"62","Arkansas",2000,99.4,NA,NA,NA,279.3,2
"63","California",1970,123,NA,NA,0.17815833,38.8,3
"64","California",1971,121,NA,NA,0.17929636,39.7,3
"65","California",1972,123.5,9.930814,NA,0.18043439,39.9,3
"66","California",1973,124.4,9.955092,NA,0.18157241,39.9,3
"67","California",1974,126.7,9.947999,NA,0.18271044,41.9,3
"68","California",1975,127.1,9.937167,NA,0.18384847,45,3
"69","California",1976,128,9.976858,NA,0.1849865,48.3,3
"70","California",1977,126.4,10.0027,NA,0.18612453,49,3
"71","California",1978,126.1,10.045565,NA,0.18726255,58.7,3
"72","California",1979,121.9,10.0546875,NA,0.18840058,60.1,3
"73","California",1980,120.2,10.037841,NA,0.18953861,62.1,3
"74","California",1981,118.6,10.028626,NA,0.18553706,66.4,3
"75","California",1982,115.4,10.01253,NA,0.1815355,72.8,3
"76","California",1983,110.8,10.031737,NA,0.17753394,84.9,3
"77","California",1984,104.8,10.075359,25,0.17353238,94.9,3
"78","California",1985,102.8,10.099703,24,0.16953082,98,3
"79","California",1986,99.7,10.127267,24.7,0.16552927,104.4,3
"80","California",1987,97.5,10.134301,24.1,0.16152771,103.9,3
"81","California",1988,90.1,10.141663,23.6,0.15752615,117.4,3
"82","California",1989,82.4,10.142313,23.7,0.15352459,126.4,3
"83","California",1990,77.8,10.141623,23.8,0.14952303,163.8,3
"84","California",1991,68.7,10.110714,22.3,NA,186.8,3
"85","California",1992,67.5,10.114939,21.3,NA,201.9,3
"86","California",1993,63.4,10.098497,20.8,NA,205.1,3
"87","California",1994,58.6,10.099508,20.1,NA,190.3,3
"88","California",1995,56.4,10.155916,19.7,NA,195.1,3
"89","California",1996,54.5,10.178637,19.1,NA,197.9,3
"90","California",1997,53.8,10.17519,19.5,NA,200.3,3
"91","California",1998,52.3,NA,NA,NA,207.8,3
"92","California",1999,47.2,NA,NA,NA,224.9,3
"93","California",2000,41.6,NA,NA,NA,351.2,3
"94","Colorado",1970,124.8,NA,NA,0.19095023,29.4,4
"95","Colorado",1971,125.5,NA,NA,0.19164759,31.1,4
"96","Colorado",1972,134.3,9.805548,NA,0.19234496,31.2,4
"97","Colorado",1973,137.9,9.848413,NA,0.19304232,32.7,4
"98","Colorado",1974,132.8,9.840451,NA,0.19373968,38.1,4
"99","Colorado",1975,131,9.828461,NA,0.19443706,41.7,4
"100","Colorado",1976,134.2,9.858913,NA,0.19513442,44.8,4
"101","Colorado",1977,132,9.888447,NA,0.19583178,44.7,4
"102","Colorado",1978,129.2,9.933751,NA,0.19652914,57.4,4
"103","Colorado",1979,131.5,9.94222,NA,0.19722651,52.8,4
"104","Colorado",1980,131,9.943612,NA,0.19792387,54.6,4
"105","Colorado",1981,133.8,9.9572735,NA,0.19186871,58.1,4
"106","Colorado",1982,130.5,9.962617,NA,0.18581356,61.4,4
"107","Colorado",1983,125.3,9.978037,NA,0.1797584,73.3,4
"108","Colorado",1984,119.7,10.002046,25.7,0.17370325,83.4,4
"109","Colorado",1985,112.4,10.000779,25.2,0.16764809,93.1,4
"110","Colorado",1986,109.9,10.001593,25.5,0.16159293,95.1,4
"111","Colorado",1987,102.4,9.994427,24.8,0.15553778,108.6,4
"112","Colorado",1988,94.6,10.018831,24.2,0.14948262,116,4
"113","Colorado",1989,88.8,10.043063,23.9,0.14342748,130.8,4
"114","Colorado",1990,87.4,10.046251,24.2,0.13737231,149.3,4
"115","Colorado",1991,90.2,10.054761,23.5,NA,152.6,4
"116","Colorado",1992,88.3,10.0663395,23.7,NA,157.5,4
"117","Colorado",1993,88.6,10.079669,23.5,NA,168.2,4
"118","Colorado",1994,89.1,10.097464,23.1,NA,153.2,4
"119","Colorado",1995,85.4,10.16635,24.4,NA,164.2,4
"120","Colorado",1996,83.1,10.191437,24.8,NA,169.6,4
"121","Colorado",1997,81.3,10.2038965,24,NA,174.4,4
"122","Colorado",1998,81.2,NA,NA,NA,185.8,4
"123","Colorado",1999,79.6,NA,NA,NA,204.2,4
"124","Colorado",2000,73,NA,NA,NA,281.3,4
"125","Connecticut",1970,120,NA,NA,0.16292876,42.2,5
"126","Connecticut",1971,117.6,NA,NA,0.1646539,45.5,5
"127","Connecticut",1972,110.8,9.981137,NA,0.16637905,51.3,5
"128","Connecticut",1973,109.3,10.012989,NA,0.16810419,50.6,5
"129","Connecticut",1974,112.4,9.988535,NA,0.16982932,52.5,5
"130","Connecticut",1975,110.2,9.960749,NA,0.17155448,54.5,5
"131","Connecticut",1976,113.4,9.993227,NA,0.17327961,57.6,5
"132","Connecticut",1977,117.3,10.028069,NA,0.17500475,58.4,5
"133","Connecticut",1978,117.5,10.063203,NA,0.17672989,61.7,5
"134","Connecticut",1979,117.4,10.075508,NA,0.17845504,64.4,5
"135","Connecticut",1980,118,10.074763,NA,0.18018018,67,5
"136","Connecticut",1981,116.4,10.079572,NA,0.17605005,80.1,5
"137","Connecticut",1982,114.7,10.090163,NA,0.17191993,85.6,5
"138","Connecticut",1983,114.1,10.12007,NA,0.16778982,95.6,5
"139","Connecticut",1984,112.5,10.181597,20.3,0.16365969,113.5,5
"140","Connecticut",1985,111,10.212917,20.8,0.15952957,118.6,5
"141","Connecticut",1986,108.5,10.268609,20.6,0.15539944,118.5,5
"142","Connecticut",1987,109,10.309229,21.1,0.15126932,122.7,5
"143","Connecticut",1988,104.8,10.355395,20.7,0.1471392,129.7,5
"144","Connecticut",1989,100.6,10.366524,19.8,0.14300908,142,5
"145","Connecticut",1990,91.5,10.349302,19.8,0.13887896,171.2,5
"146","Connecticut",1991,86.7,10.324137,18.7,NA,175.6,5
"147","Connecticut",1992,83.5,10.3438425,18.3,NA,193.5,5
"148","Connecticut",1993,79.1,10.343544,17.9,NA,202.3,5
"149","Connecticut",1994,76.6,10.361299,17.9,NA,205.6,5
"150","Connecticut",1995,79.3,10.451002,17.6,NA,205.4,5
"151","Connecticut",1996,76,10.474495,17.2,NA,206.3,5
"152","Connecticut",1997,75.9,10.486617,17.5,NA,208.5,5
"153","Connecticut",1998,75.5,NA,NA,NA,217.9,5
"154","Connecticut",1999,73.4,NA,NA,NA,236.5,5
"155","Connecticut",2000,71.4,NA,NA,NA,312.3,5
"156","Delaware",1970,155,NA,NA,0.17335767,39,6
"157","Delaware",1971,161.1,NA,NA,0.17588721,41.3,6
"158","Delaware",1972,156.3,9.90993,NA,0.17841677,44.7,6
"159","Delaware",1973,154.7,9.948177,NA,0.18094632,44,6
"160","Delaware",1974,151.3,9.918258,NA,0.18347588,44.2,6
"161","Delaware",1975,147.6,9.887531,NA,0.18600543,45.9,6
"162","Delaware",1976,153,9.920685,NA,0.18853498,50.1,6
"163","Delaware",1977,153.3,9.933779,NA,0.19106454,51.7,6
"164","Delaware",1978,155.5,9.944127,NA,0.19359408,58.7,6
"165","Delaware",1979,150.2,9.926104,NA,0.19612364,60,6
"166","Delaware",1980,150.5,9.913744,NA,0.19865319,62.7,6
"167","Delaware",1981,152.6,9.901393,NA,0.19354601,66,6
"168","Delaware",1982,154.1,9.904337,NA,0.18843885,74.1,6
"169","Delaware",1983,149.6,9.934576,NA,0.18333167,82,6
"170","Delaware",1984,144,9.962282,26.6,0.1782245,91.1,6
"171","Delaware",1985,144.5,9.996334,26.2,0.17311732,98.7,6
"172","Delaware",1986,142.4,10.032092,26,0.16801015,105.2,6
"173","Delaware",1987,141,10.048571,25.9,0.16290298,111.4,6
"174","Delaware",1988,137.1,10.077722,25.7,0.1577958,119.3,6
"175","Delaware",1989,131.7,10.103605,24.9,0.15268864,124,6
"176","Delaware",1990,127.2,10.094804,25.8,0.14758146,140,6
"177","Delaware",1991,118.8,10.083064,24.9,NA,143.2,6
"178","Delaware",1992,120,10.091464,25.2,NA,174.7,6
"179","Delaware",1993,123.8,10.092083,26.2,NA,187.9,6
"180","Delaware",1994,126.1,10.131247,25.9,NA,152.5,6
"181","Delaware",1995,127.2,10.229653,24.6,NA,160.7,6
"182","Delaware",1996,128.3,10.262393,24.6,NA,169.1,6
"183","Delaware",1997,124.1,10.261678,24.9,NA,171.9,6
"184","Delaware",1998,132.8,NA,NA,NA,179.2,6
"185","Delaware",1999,139.5,NA,NA,NA,198.3,6
"186","Delaware",2000,140.7,NA,NA,NA,276.2,6
"187","Georgia",1970,109.9,NA,NA,0.1874455,34.3,7
"188","Georgia",1971,115.7,NA,NA,0.18786626,35.8,7
"189","Georgia",1972,117,9.63889,NA,0.18828699,40.9,7
"190","Georgia",1973,119.8,9.684865,NA,0.18870774,42.4,7
"191","Georgia",1974,123.7,9.659981,NA,0.18912847,42.4,7
"192","Georgia",1975,122.9,9.629609,NA,0.18954922,44.5,7
"193","Georgia",1976,125.9,9.67143,NA,0.18996997,47.9,7
"194","Georgia",1977,127.9,9.693337,NA,0.1903907,49.5,7
"195","Georgia",1978,130.6,9.736651,NA,0.19081146,54.7,7
"196","Georgia",1979,131,9.729302,NA,0.19123219,56.6,7
"197","Georgia",1980,134,9.701445,NA,0.19165294,59.3,7
"198","Georgia",1981,131.7,9.704944,NA,0.18797573,62.6,7
"199","Georgia",1982,131.2,9.707344,NA,0.18429853,67.8,7
"200","Georgia",1983,128.6,9.755732,NA,0.18062133,78.9,7
"201","Georgia",1984,126.3,9.82549,21.3,0.17694412,86.8,7
"202","Georgia",1985,128.8,9.862127,21.4,0.17326692,90.7,7
"203","Georgia",1986,129,9.913809,22.1,0.16958973,100.1,7
"204","Georgia",1987,129.3,9.930798,22.3,0.16591252,103.9,7
"205","Georgia",1988,124.1,9.952863,21.7,0.16223532,109.2,7
"206","Georgia",1989,117.1,9.953909,21.5,0.15855812,122.4,7
"207","Georgia",1990,113.8,9.953298,22.3,0.15488091,132.3,7
"208","Georgia",1991,109.6,9.941865,21.2,NA,138.2,7
"209","Georgia",1992,109.2,9.958565,21.6,NA,159.5,7
"210","Georgia",1993,109.2,9.967873,21.7,NA,167.2,7
"211","Georgia",1994,107.8,9.9982395,21.4,NA,147.8,7
"212","Georgia",1995,100.3,10.055438,21.5,NA,153.8,7
"213","Georgia",1996,102.7,10.079771,22,NA,156.1,7
"214","Georgia",1997,100.6,10.081408,21.6,NA,158.9,7
"215","Georgia",1998,100.5,NA,NA,NA,168.7,7
"216","Georgia",1999,97.1,NA,NA,NA,188,7
"217","Georgia",2000,88.4,NA,NA,NA,257.4,7
"218","Idaho",1970,102.4,NA,NA,0.17812061,33.8,8
"219","Idaho",1971,108.5,NA,NA,0.17609245,33.6,8
"220","Idaho",1972,126.1,9.651839,NA,0.1740643,33.7,8
"221","Idaho",1973,121.8,9.721051,NA,0.17203613,36.3,8
"222","Idaho",1974,125.6,9.746263,NA,0.17000796,38,8
"223","Idaho",1975,123.3,9.692201,NA,0.1679798,40.3,8
"224","Idaho",1976,125.1,9.731101,NA,0.16595164,42.5,8
"225","Idaho",1977,125,9.726507,NA,0.16392347,45.6,8
"226","Idaho",1978,122.8,9.768933,NA,0.1618953,51.5,8
"227","Idaho",1979,117.5,9.737336,NA,0.15986715,55.4,8
"228","Idaho",1980,115.2,9.711496,NA,0.15783899,56.4,8
"229","Idaho",1981,114.1,9.684898,NA,0.15638342,59.2,8
"230","Idaho",1982,111.5,9.645257,NA,0.15492785,67.6,8
"231","Idaho",1983,111.3,9.694544,NA,0.15347229,76.5,8
"232","Idaho",1984,103.6,9.707316,23.2,0.15201671,88.5,8
"233","Idaho",1985,100.7,9.715257,22.3,0.15056115,97.6,8
"234","Idaho",1986,96.7,9.736214,22.5,0.1491056,99.9,8
"235","Idaho",1987,95,9.740723,22,0.14765002,107.1,8
"236","Idaho",1988,84.5,9.766004,21.1,0.14619446,121.9,8
"237","Idaho",1989,78.4,9.827927,21.6,0.14473888,133.6,8
"238","Idaho",1990,90.1,9.839928,22.9,0.14328332,141.3,8
"239","Idaho",1991,85.4,9.835094,22.2,NA,144.4,8
"240","Idaho",1992,85.1,9.85615,22.6,NA,167.2,8
"241","Idaho",1993,86.7,9.877363,21.8,NA,171.2,8
"242","Idaho",1994,93,9.903079,21.4,NA,150.5,8
"243","Idaho",1995,78.2,9.919679,20.1,NA,163.5,8
"244","Idaho",1996,73.6,9.933634,20.6,NA,176.5,8
"245","Idaho",1997,75,9.921952,20.1,NA,184.4,8
"246","Idaho",1998,78.9,NA,NA,NA,187.1,8
"247","Idaho",1999,75.1,NA,NA,NA,210.7,8
"248","Idaho",2000,66.9,NA,NA,NA,275.9,8
"249","Illinois",1970,124.8,NA,NA,0.16696669,41.4,9
"250","Illinois",1971,125.6,NA,NA,0.1689976,41.4,9
"251","Illinois",1972,126.6,9.908161,NA,0.17102851,41.9,9
"252","Illinois",1973,124.4,9.9615965,NA,0.1730594,41,9
"253","Illinois",1974,131.9,9.946315,NA,0.17509031,41.9,9
"254","Illinois",1975,131.8,9.93419,NA,0.17712122,45.2,9
"255","Illinois",1976,134.4,9.965498,NA,0.17915213,48.4,9
"256","Illinois",1977,134,9.996949,NA,0.18118304,49.4,9
"257","Illinois",1978,136.7,10.023603,NA,0.18321393,54.6,9
"258","Illinois",1979,135.3,10.013675,NA,0.18524484,56.8,9
"259","Illinois",1980,135.2,9.9621725,NA,0.18727575,60,9
"260","Illinois",1981,133,9.965017,NA,0.1830271,63.1,9
"261","Illinois",1982,130.7,9.944979,NA,0.17877847,69.6,9
"262","Illinois",1983,127.9,9.954803,NA,0.17452982,80.8,9
"263","Illinois",1984,124,10.003144,24.6,0.17028119,89.6,9
"264","Illinois",1985,121.6,10.020819,24.3,0.16603254,96.7,9
"265","Illinois",1986,118.2,10.0553,24.7,0.16178389,108.4,9
"266","Illinois",1987,109.5,10.067755,25.1,0.15753525,116.2,9
"267","Illinois",1988,107.6,10.087956,25,0.1532866,124.1,9
"268","Illinois",1989,104.6,10.113907,24.4,0.14903797,132.7,9
"269","Illinois",1990,94.1,10.116749,25.7,0.14478932,147.3,9
"270","Illinois",1991,96.1,10.098239,24.4,NA,154,9
"271","Illinois",1992,94.8,10.123287,23.8,NA,179.8,9
"272","Illinois",1993,94.6,10.127834,23.5,NA,187.5,9
"273","Illinois",1994,85.7,10.154192,23.6,NA,182.1,9
"274","Illinois",1995,84.3,10.200355,23.2,NA,185.2,9
"275","Illinois",1996,81.8,10.224244,22.9,NA,188.7,9
"276","Illinois",1997,79.6,10.236586,22.9,NA,198.7,9
"277","Illinois",1998,80.3,NA,NA,NA,202.3,9
"278","Illinois",1999,72.2,NA,NA,NA,240.5,9
"279","Illinois",2000,70,NA,NA,NA,312.7,9
"280","Indiana",1970,134.6,NA,NA,0.17651588,30.6,10
"281","Indiana",1971,139.3,NA,NA,0.17797175,32.2,10
"282","Indiana",1972,149.2,9.731873,NA,0.17942764,32.5,10
"283","Indiana",1973,156,9.806883,NA,0.18088353,32.9,10
"284","Indiana",1974,159.6,9.763185,NA,0.1823394,34.5,10
"285","Indiana",1975,162.4,9.743661,NA,0.18379527,36.7,10
"286","Indiana",1976,166.6,9.798755,NA,0.18525116,38.7,10
"287","Indiana",1977,173,9.833315,NA,0.18670705,40.6,10
"288","Indiana",1978,150.9,9.865232,NA,0.18816292,50,10
"289","Indiana",1979,148.9,9.851489,NA,0.1896188,52.5,10
"290","Indiana",1980,146.9,9.795776,NA,0.19107468,53.7,10
"291","Indiana",1981,148.5,9.78815,NA,0.18707843,58.3,10
"292","Indiana",1982,147.7,9.757754,NA,0.18308216,65.1,10
"293","Indiana",1983,143,9.775058,NA,0.17908591,75.7,10
"294","Indiana",1984,137.8,9.829457,22,0.17508966,85.2,10
"295","Indiana",1985,135.3,9.844302,22,0.1710934,88.8,10
"296","Indiana",1986,137.6,9.882232,22.1,0.16709714,93.6,10
"297","Indiana",1987,134,9.897043,21.9,0.16310088,100.1,10
"298","Indiana",1988,134,9.915045,21.9,0.15910463,109.3,10
"299","Indiana",1989,132.5,9.936582,21.5,0.15510836,119,10
"300","Indiana",1990,128.3,9.935142,22.4,0.15111211,130.8,10
"301","Indiana",1991,127.2,9.9210825,21.6,NA,135.8,10
"302","Indiana",1992,128.2,9.953797,20.7,NA,153.5,10
"303","Indiana",1993,126.8,9.965633,20.5,NA,157.5,10
"304","Indiana",1994,128.2,10.001348,20.6,NA,146.6,10
"305","Indiana",1995,135.4,10.043711,20.1,NA,146.3,10
"306","Indiana",1996,135.1,10.060887,20.3,NA,147.8,10
"307","Indiana",1997,135.3,10.0521145,20.3,NA,156.3,10
"308","Indiana",1998,135.9,NA,NA,NA,166.8,10
"309","Indiana",1999,133.3,NA,NA,NA,190,10
"310","Indiana",2000,125.5,NA,NA,NA,260.2,10
"311","Iowa",1970,108.5,NA,NA,0.16884956,37.7,11
"312","Iowa",1971,108.4,NA,NA,0.170839,38.5,11
"313","Iowa",1972,109.4,9.730265,NA,0.17282845,41.9,11
"314","Iowa",1973,110.6,9.858372,NA,0.17481789,41.9,11
"315","Iowa",1974,116.1,9.788277,NA,0.17680733,43.2,11
"316","Iowa",1975,120.5,9.800288,NA,0.17879677,45.4,11
"317","Iowa",1976,124.4,9.803332,NA,0.18078622,47.8,11
"318","Iowa",1977,125.5,9.83932,NA,0.18277566,49.4,11
"319","Iowa",1978,127.1,9.914184,NA,0.1847651,54.6,11
"320","Iowa",1979,124.2,9.881053,NA,0.18675455,56.4,11
"321","Iowa",1980,124.6,9.810102,NA,0.188744,58.8,11
"322","Iowa",1981,132.9,9.838684,NA,0.18403523,61.4,11
"323","Iowa",1982,116.2,9.795305,NA,0.17932646,72.8,11
"324","Iowa",1983,115.6,9.783572,NA,0.17461771,84,11
"325","Iowa",1984,111.2,9.831582,23.9,0.16990894,93.3,11
"326","Iowa",1985,109.4,9.839345,22.9,0.16520017,99.5,11
"327","Iowa",1986,104.1,9.870234,23.3,0.1604914,104.8,11
"328","Iowa",1987,101.1,9.887944,23.1,0.15578264,117.1,11
"329","Iowa",1988,100.2,9.875571,23,0.15107389,124.2,11
"330","Iowa",1989,94.4,9.915924,22.7,0.14636512,145.1,11
"331","Iowa",1990,95.4,9.927806,23.6,0.14165635,149.6,11
"332","Iowa",1991,97.1,9.911109,23.5,NA,155.4,11
"333","Iowa",1992,95.2,9.942481,23.3,NA,178.5,11
"334","Iowa",1993,92.5,9.920983,23,NA,189.7,11
"335","Iowa",1994,93.4,9.996867,23.3,NA,171.4,11
"336","Iowa",1995,93,10.001849,22.7,NA,179,11
"337","Iowa",1996,94,10.0490055,23.1,NA,183.8,11
"338","Iowa",1997,93.9,10.049283,23.3,NA,189.3,11
"339","Iowa",1998,94,NA,NA,NA,193.8,11
"340","Iowa",1999,91.7,NA,NA,NA,213,11
"341","Iowa",2000,88.9,NA,NA,NA,286.3,11
"342","Kansas",1970,114,NA,NA,0.18052468,34.2,12
"343","Kansas",1971,102.8,NA,NA,0.18155004,38.9,12
"344","Kansas",1972,111,9.768118,NA,0.1825754,38.8,12
"345","Kansas",1973,115.2,9.838229,NA,0.18360078,39.3,12
"346","Kansas",1974,118.6,9.810897,NA,0.18462615,40.2,12
"347","Kansas",1975,123.4,9.800612,NA,0.18565151,42.7,12
"348","Kansas",1976,127.7,9.830626,NA,0.18667687,46.6,12
"349","Kansas",1977,127.9,9.848077,NA,0.18770224,48.1,12
"350","Kansas",1978,127.1,9.875605,NA,0.18872762,52.6,12
"351","Kansas",1979,126.4,9.903797,NA,0.18975298,54.8,12
"352","Kansas",1980,127.1,9.862444,NA,0.19077834,58.3,12
"353","Kansas",1981,132,9.877179,NA,0.18572941,59.8,12
"354","Kansas",1982,130.9,9.881304,NA,0.1806805,65.1,12
"355","Kansas",1983,127.6,9.885566,NA,0.17563158,77,12
"356","Kansas",1984,121.7,9.916465,20.7,0.17058265,91,12
"357","Kansas",1985,115.7,9.935948,20.1,0.16553372,97.5,12
"358","Kansas",1986,109.4,9.961418,19.9,0.1604848,103,12
"359","Kansas",1987,105.2,9.96282,19.7,0.15543589,114.5,12
"360","Kansas",1988,103.2,9.969703,19.3,0.15038696,123.9,12
"361","Kansas",1989,96.5,9.962953,19.4,0.14533803,136.5,12
"362","Kansas",1990,94.3,9.983666,19.7,0.14028911,145.8,12
"363","Kansas",1991,91.8,9.976418,20,NA,152.7,12
"364","Kansas",1992,90,9.998267,19.2,NA,174.2,12
"365","Kansas",1993,89.9,10.002069,19.4,NA,174.2,12
"366","Kansas",1994,89.1,10.026579,19.5,NA,159.6,12
"367","Kansas",1995,90.1,10.044954,19.1,NA,165.7,12
"368","Kansas",1996,88.7,10.076406,18.9,NA,167.7,12
"369","Kansas",1997,89.2,10.087141,19.7,NA,171.3,12
"370","Kansas",1998,87.6,NA,NA,NA,184.3,12
"371","Kansas",1999,83.3,NA,NA,NA,207,12
"372","Kansas",2000,79.8,NA,NA,NA,271.2,12
"373","Kentucky",1970,155.8,NA,NA,0.18131015,28.3,13
"374","Kentucky",1971,163.5,NA,NA,0.18229958,30.1,13
"375","Kentucky",1972,179.4,9.5474825,NA,0.18328904,30.6,13
"376","Kentucky",1973,201.9,9.598115,NA,0.18427849,30.6,13
"377","Kentucky",1974,212.4,9.600525,NA,0.18526793,31.5,13
"378","Kentucky",1975,223,9.579324,NA,0.18625736,33.3,13
"379","Kentucky",1976,230.9,9.624857,NA,0.18724681,36,13
"380","Kentucky",1977,229.4,9.672666,NA,0.18823627,36.9,13
"381","Kentucky",1978,224.7,9.703743,NA,0.1892257,41.4,13
"382","Kentucky",1979,214.9,9.70251,NA,0.19021514,43.4,13
"383","Kentucky",1980,215.3,9.661359,NA,0.1912046,46.3,13
"384","Kentucky",1981,209.7,9.665572,NA,0.18725346,49.4,13
"385","Kentucky",1982,210.6,9.65426,NA,0.18330234,56.3,13
"386","Kentucky",1983,201.1,9.642765,NA,0.17935121,66.4,13
"387","Kentucky",1984,183.2,9.699555,18.5,0.17540008,75.4,13
"388","Kentucky",1985,182.4,9.703631,18.9,0.17144895,79.3,13
"389","Kentucky",1986,179.8,9.729917,19.2,0.16749783,85.4,13
"390","Kentucky",1987,171.2,9.739725,19,0.1635467,90.5,13
"391","Kentucky",1988,173.2,9.758579,19.1,0.15959556,94.4,13
"392","Kentucky",1989,171.6,9.787341,18.3,0.15564445,103.8,13
"393","Kentucky",1990,182.5,9.804601,20.1,0.15169331,115.6,13
"394","Kentucky",1991,170.4,9.808981,19.4,NA,120.5,13
"395","Kentucky",1992,167.6,9.841689,19,NA,135.8,13
"396","Kentucky",1993,167.6,9.84325,19.3,NA,145.4,13
"397","Kentucky",1994,170.1,9.8684,19.6,NA,132.8,13
"398","Kentucky",1995,175.3,9.903476,18.9,NA,134.8,13
"399","Kentucky",1996,179,9.927487,19.1,NA,139.8,13
"400","Kentucky",1997,186.8,9.9321785,19.3,NA,145.6,13
"401","Kentucky",1998,171.3,NA,NA,NA,155.7,13
"402","Kentucky",1999,165.3,NA,NA,NA,179.2,13
"403","Kentucky",2000,156.2,NA,NA,NA,243.4,13
"404","Louisiana",1970,115.9,NA,NA,0.18518518,34.3,14
"405","Louisiana",1971,119.8,NA,NA,0.18678078,39.3,14
"406","Louisiana",1972,125.3,9.5173645,NA,0.18837638,40,14
"407","Louisiana",1973,126.7,9.564111,NA,0.189972,39.9,14
"408","Louisiana",1974,129.9,9.57982,NA,0.1915676,41.6,14
"409","Louisiana",1975,133.6,9.585208,NA,0.1931632,44.3,14
"410","Louisiana",1976,139.6,9.644329,NA,0.1947588,48.1,14
"411","Louisiana",1977,140,9.679078,NA,0.1963544,48.9,14
"412","Louisiana",1978,142.7,9.731681,NA,0.19795002,54.2,14
"413","Louisiana",1979,140.1,9.737775,NA,0.19954562,57.1,14
"414","Louisiana",1980,143.8,9.739491,NA,0.20114122,60,14
"415","Louisiana",1981,144,9.765061,NA,0.19634315,62.6,14
"416","Louisiana",1982,143.9,9.753126,NA,0.19154507,70.3,14
"417","Louisiana",1983,133.7,9.746861,NA,0.186747,80.7,14
"418","Louisiana",1984,128.9,9.760681,23.8,0.18194892,90.7,14
"419","Louisiana",1985,125,9.76166,23,0.17715085,103,14
"420","Louisiana",1986,121.2,9.740594,23.7,0.17235278,105.1,14
"421","Louisiana",1987,116.5,9.716699,24.3,0.16755469,117.8,14
"422","Louisiana",1988,110.9,9.744105,24.6,0.16275662,120.4,14
"423","Louisiana",1989,103.6,9.750066,24.4,0.15795854,130.7,14
"424","Louisiana",1990,101.5,9.770264,26.4,0.15316047,143.4,14
"425","Louisiana",1991,107.2,9.784423,26.1,NA,149.6,14
"426","Louisiana",1992,108.5,9.805567,26.7,NA,178.1,14
"427","Louisiana",1993,106.2,9.821536,26.5,NA,180.5,14
"428","Louisiana",1994,105.3,9.860993,27.1,NA,157.4,14
"429","Louisiana",1995,105.7,9.910527,26.1,NA,155.8,14
"430","Louisiana",1996,106.8,9.923664,26.5,NA,165.3,14
"431","Louisiana",1997,105.3,9.926509,26.7,NA,166.9,14
"432","Louisiana",1998,103.2,NA,NA,NA,185.9,14
"433","Louisiana",1999,101,NA,NA,NA,208,14
"434","Louisiana",2000,104.3,NA,NA,NA,281.2,14
"435","Maine",1970,128.5,NA,NA,0.16901408,38,15
"436","Maine",1971,133.2,NA,NA,0.17033489,38.8,15
"437","Maine",1972,136.5,9.59714,NA,0.17165571,41.5,15
"438","Maine",1973,138,9.647285,NA,0.17297652,41,15
"439","Maine",1974,142.1,9.636234,NA,0.17429733,41.8,15
"440","Maine",1975,140.7,9.60089,NA,0.17561814,46.7,15
"441","Maine",1976,144.9,9.671687,NA,0.17693897,49.9,15
"442","Maine",1977,145.6,9.678421,NA,0.17825978,50.9,15
"443","Maine",1978,143.9,9.698808,NA,0.17958058,55,15
"444","Maine",1979,138.5,9.694194,NA,0.18090141,54.5,15
"445","Maine",1980,141.2,9.683053,NA,0.18222222,59,15
"446","Maine",1981,138.9,9.679446,NA,0.17809658,62.9,15
"447","Maine",1982,139.5,9.683565,NA,0.17397094,69.7,15
"448","Maine",1983,135.4,9.724025,NA,0.16984531,80.8,15
"449","Maine",1984,135.5,9.774763,22.1,0.16571967,93.7,15
"450","Maine",1985,127.9,9.807659,22.2,0.16159403,98.1,15
"451","Maine",1986,119,9.87409,22.4,0.1574684,112.7,15
"452","Maine",1987,125,9.911307,22.6,0.15334275,121.2,15
"453","Maine",1988,125,9.944216,22.9,0.14921713,129,15
"454","Maine",1989,122.4,9.967079,21.8,0.14509149,144.4,15
"455","Maine",1990,117.5,9.949729,22.1,0.14096585,160.1,15
"456","Maine",1991,116.1,9.924435,21.5,NA,165.8,15
"457","Maine",1992,114.5,9.942132,20.8,NA,187.7,15
"458","Maine",1993,108.5,9.945655,20.6,NA,192.6,15
"459","Maine",1994,101.6,9.962649,20.3,NA,178.3,15
"460","Maine",1995,102.3,9.969056,21.1,NA,184.9,15
"461","Maine",1996,100,9.987245,21.3,NA,186.9,15
"462","Maine",1997,101.1,9.995829,21,NA,190.2,15
"463","Maine",1998,94.5,NA,NA,NA,219.6,15
"464","Maine",1999,85.5,NA,NA,NA,267.8,15
"465","Maine",2000,82.9,NA,NA,NA,330.5,15
"466","Minnesota",1970,104.3,NA,NA,0.17472412,39.1,16
"467","Minnesota",1971,116.4,NA,NA,0.17673159,40.1,16
"468","Minnesota",1972,96.8,9.765188,NA,0.17873906,45.2,16
"469","Minnesota",1973,106.8,9.862045,NA,0.18074653,45.6,16
"470","Minnesota",1974,110.6,9.828342,NA,0.182754,47,16
"471","Minnesota",1975,111.5,9.801632,NA,0.18476146,49.4,16
"472","Minnesota",1976,116.7,9.82493,NA,0.18676895,52.1,16
"473","Minnesota",1977,117.2,9.875978,NA,0.18877642,53.1,16
"474","Minnesota",1978,118.9,9.913442,NA,0.19078389,57.9,16
"475","Minnesota",1979,118.3,9.909161,NA,0.19279136,60.9,16
"476","Minnesota",1980,117.7,9.877483,NA,0.19479883,63,16
"477","Minnesota",1981,120.8,9.867996,NA,0.18921515,65.8,16
"478","Minnesota",1982,119.4,9.863186,NA,0.1836315,71.7,16
"479","Minnesota",1983,113.2,9.874606,NA,0.17804782,87.3,16
"480","Minnesota",1984,110.8,9.950923,23.5,0.17246416,99.2,16
"481","Minnesota",1985,113,9.968969,23,0.16688049,101.5,16
"482","Minnesota",1986,104.3,10.005522,23,0.16129681,116.3,16
"483","Minnesota",1987,108.8,10.023768,23.2,0.15571316,120.1,16
"484","Minnesota",1988,94.1,10.016611,22.9,0.15012948,141.7,16
"485","Minnesota",1989,92.3,10.047408,22.5,0.14454582,152.5,16
"486","Minnesota",1990,90.7,10.046395,23.2,0.13896215,162.3,16
"487","Minnesota",1991,86.2,10.031394,22.7,NA,173.9,16
"488","Minnesota",1992,83.8,10.063346,22,NA,197.7,16
"489","Minnesota",1993,81.6,10.058184,21.9,NA,215.6,16
"490","Minnesota",1994,83.4,10.095023,22.5,NA,196.1,16
"491","Minnesota",1995,84.1,10.148785,22.1,NA,202.2,16
"492","Minnesota",1996,81.7,10.188946,22.4,NA,208.6,16
"493","Minnesota",1997,84.1,10.175442,22.2,NA,216.8,16
"494","Minnesota",1998,83.2,NA,NA,NA,220.2,16
"495","Minnesota",1999,80.7,NA,NA,NA,227.4,16
"496","Minnesota",2000,76,NA,NA,NA,303.6,16
"497","Mississippi",1970,93.4,NA,NA,0.18313035,36.2,17
"498","Mississippi",1971,105.4,NA,NA,0.18437305,37.5,17
"499","Mississippi",1972,112.1,9.3974495,NA,0.18561575,37.4,17
"500","Mississippi",1973,115,9.457063,NA,0.18685845,37.3,17
"501","Mississippi",1974,117.1,9.436393,NA,0.18810114,41.4,17
"502","Mississippi",1975,116.8,9.413603,NA,0.18934384,43,17
"503","Mississippi",1976,120.9,9.477991,NA,0.19058652,46.4,17
"504","Mississippi",1977,122.1,9.516372,NA,0.19182922,48.8,17
"505","Mississippi",1978,124.9,9.540335,NA,0.19307192,53.6,17
"506","Mississippi",1979,123.9,9.55297,NA,0.19431461,56.5,17
"507","Mississippi",1980,127,9.503543,NA,0.19555731,59.7,17
"508","Mississippi",1981,125.3,9.512449,NA,0.19204077,63,17
"509","Mississippi",1982,125.8,9.498247,NA,0.18852423,69.2,17
"510","Mississippi",1983,122.3,9.504479,NA,0.18500769,78.6,17
"511","Mississippi",1984,116.4,9.545903,20.1,0.18149115,89,17
"512","Mississippi",1985,115.3,9.553737,20.6,0.17797461,96.4,17
"513","Mississippi",1986,113.2,9.576477,21.5,0.17445809,106,17
"514","Mississippi",1987,110,9.599513,21.6,0.17094155,115.8,17
"515","Mississippi",1988,109,9.627286,21.9,0.167425,122.6,17
"516","Mississippi",1989,108.3,9.643641,21.6,0.16390847,125.8,17
"517","Mississippi",1990,101.8,9.6446085,23.3,0.16039193,139.9,17
"518","Mississippi",1991,105.6,9.652973,22.9,NA,142.7,17
"519","Mississippi",1992,103.9,9.684978,23.5,NA,160.8,17
"520","Mississippi",1993,105.4,9.701045,23.9,NA,177.8,17
"521","Mississippi",1994,106,9.751939,24.5,NA,156.9,17
"522","Mississippi",1995,107.5,9.785329,24,NA,153.9,17
"523","Mississippi",1996,106.9,9.808868,24.3,NA,161.2,17
"524","Mississippi",1997,106.3,9.803786,24.4,NA,168.6,17
"525","Mississippi",1998,107,NA,NA,NA,175.8,17
"526","Mississippi",1999,103.9,NA,NA,NA,199.5,17
"527","Mississippi",2000,97.2,NA,NA,NA,272,17
"528","Missouri",1970,121.3,NA,NA,0.16759299,36,18
"529","Missouri",1971,127.6,NA,NA,0.16925956,36.8,18
"530","Missouri",1972,130,9.733354,NA,0.17092612,37.7,18
"531","Missouri",1973,132.1,9.780752,NA,0.1725927,37.7,18
"532","Missouri",1974,135.4,9.739015,NA,0.17425928,38,18
"533","Missouri",1975,135.6,9.73081,NA,0.17592585,43.5,18
"534","Missouri",1976,139.5,9.769454,NA,0.17759241,44.7,18
"535","Missouri",1977,140.8,9.808042,NA,0.17925899,45.9,18
"536","Missouri",1978,141.8,9.844764,NA,0.18092556,49.9,18
"537","Missouri",1979,140.2,9.847526,NA,0.18259212,52.2,18
"538","Missouri",1980,142.1,9.801047,NA,0.1842587,57.3,18
"539","Missouri",1981,140.5,9.810367,NA,0.1798325,59.9,18
"540","Missouri",1982,139.7,9.802688,NA,0.17540629,64.7,18
"541","Missouri",1983,134.1,9.829301,NA,0.1709801,74.8,18
"542","Missouri",1984,130,9.881513,23.7,0.16655388,84.8,18
"543","Missouri",1985,129.2,9.913292,23.7,0.16212769,93.7,18
"544","Missouri",1986,128.8,9.946776,24.2,0.15770149,101.9,18
"545","Missouri",1987,128.7,9.953278,24.2,0.15327528,108.5,18
"546","Missouri",1988,127.4,9.958259,23.6,0.14884908,114.6,18
"547","Missouri",1989,122.8,9.972259,23.6,0.14442287,118.9,18
"548","Missouri",1990,119.1,9.970405,24.3,0.13999668,129.1,18
"549","Missouri",1991,119.9,9.968204,23.9,NA,132.5,18
"550","Missouri",1992,122.3,9.984798,23.7,NA,153.1,18
"551","Missouri",1993,121.6,9.9861765,23.6,NA,157.6,18
"552","Missouri",1994,119.4,10.016356,24.2,NA,146.8,18
"553","Missouri",1995,124,10.053908,23.5,NA,150.3,18
"554","Missouri",1996,124.1,10.076753,23.6,NA,159.8,18
"555","Missouri",1997,120.6,10.071413,23.5,NA,163.4,18
"556","Missouri",1998,120.1,NA,NA,NA,173.8,18
"557","Missouri",1999,118,NA,NA,NA,197,18
"558","Missouri",2000,113.8,NA,NA,NA,258.8,18
"559","Montana",1970,111.2,NA,NA,0.1757925,34,19
"560","Montana",1971,115.6,NA,NA,0.1771459,34.7,19
"561","Montana",1972,122.2,9.694641,NA,0.17849931,40.1,19
"562","Montana",1973,119.9,9.775743,NA,0.17985272,40.9,19
"563","Montana",1974,121.9,9.740038,NA,0.18120612,41.8,19
"564","Montana",1975,123.7,9.724647,NA,0.18255952,43.7,19
"565","Montana",1976,124.9,9.730799,NA,0.18391293,45.3,19
"566","Montana",1977,127,9.732777,NA,0.18526635,47.6,19
"567","Montana",1978,127.2,9.814651,NA,0.18661974,51.9,19
"568","Montana",1979,120.3,9.778626,NA,0.18797314,53.7,19
"569","Montana",1980,122,9.743379,NA,0.18932655,56.7,19
"570","Montana",1981,121.1,9.757294,NA,0.18333872,60.4,19
"571","Montana",1982,122.4,9.73567,NA,0.17735088,65.7,19
"572","Montana",1983,113.7,9.74816,NA,0.17136304,77.2,19
"573","Montana",1984,110.1,9.74522,29.4,0.1653752,91.3,19
"574","Montana",1985,103.6,9.729407,27.8,0.15938738,95.5,19
"575","Montana",1986,97.8,9.774853,27.4,0.15339954,102,19
"576","Montana",1987,91.7,9.778117,27.2,0.1474117,106.2,19
"577","Montana",1988,87.1,9.765144,27.6,0.14142387,115.3,19
"578","Montana",1989,86.2,9.81518,27.2,0.13543603,123,19
"579","Montana",1990,84.7,9.80227,27.8,0.12944819,140.4,19
"580","Montana",1991,82.9,9.83213,28,NA,143.6,19
"581","Montana",1992,86.6,9.838708,27.7,NA,163.5,19
"582","Montana",1993,86,9.870498,26.2,NA,179.4,19
"583","Montana",1994,88.2,9.8719,26.6,NA,151.3,19
"584","Montana",1995,90.5,9.891279,26.5,NA,155.4,19
"585","Montana",1996,87.3,9.90176,26.7,NA,156.8,19
"586","Montana",1997,88.9,9.886044,27,NA,164.9,19
"587","Montana",1998,89.1,NA,NA,NA,175.4,19
"588","Montana",1999,82.6,NA,NA,NA,196.2,19
"589","Montana",2000,75.5,NA,NA,NA,260.7,19
"590","Nebraska",1970,108.1,NA,NA,0.17373738,33.9,20
"591","Nebraska",1971,108.6,NA,NA,0.17521714,34.7,20
"592","Nebraska",1972,104.9,9.746475,NA,0.17669691,41.1,20
"593","Nebraska",1973,106.6,9.835299,NA,0.17817667,41.2,20
"594","Nebraska",1974,110.5,9.766387,NA,0.17965645,42,20
"595","Nebraska",1975,114.1,9.797554,NA,0.1811362,44.6,20
"596","Nebraska",1976,118.1,9.787974,NA,0.18261597,46.8,20
"597","Nebraska",1977,117.7,9.8011265,NA,0.18409574,48.1,20
"598","Nebraska",1978,117.4,9.879457,NA,0.1855755,53.6,20
"599","Nebraska",1979,116.1,9.847173,NA,0.18705527,55.4,20
"600","Nebraska",1980,116.3,9.772381,NA,0.18853503,59.5,20
"601","Nebraska",1981,117,9.81427,NA,0.18354794,60.9,20
"602","Nebraska",1982,117.1,9.799478,NA,0.17856085,69.7,20
"603","Nebraska",1983,110.8,9.802988,NA,0.17357376,83.7,20
"604","Nebraska",1984,107.7,9.853516,25.4,0.16858667,94.8,20
"605","Nebraska",1985,105.1,9.875531,24.6,0.16359958,95.8,20
"606","Nebraska",1986,103.1,9.896881,24.5,0.1586125,104,20
"607","Nebraska",1987,101.3,9.899986,24.8,0.15362541,113.7,20
"608","Nebraska",1988,92.9,9.935325,24.3,0.14863832,123.3,20
"609","Nebraska",1989,93.8,9.941367,24.1,0.14365123,139.3,20
"610","Nebraska",1990,89.9,9.968171,25.2,0.13866414,143.4,20
"611","Nebraska",1991,92.4,9.965081,24.6,NA,152.2,20
"612","Nebraska",1992,90.6,9.99833,24.2,NA,169.5,20
"613","Nebraska",1993,91.1,9.996415,24.3,NA,177.2,20
"614","Nebraska",1994,85.9,10.029957,24.7,NA,169.6,20
"615","Nebraska",1995,88.5,10.031776,24.1,NA,170.7,20
"616","Nebraska",1996,86.2,10.078057,24.4,NA,175.5,20
"617","Nebraska",1997,85.5,10.069764,24.4,NA,184.8,20
"618","Nebraska",1998,83.1,NA,NA,NA,194.6,20
"619","Nebraska",1999,86.6,NA,NA,NA,214.6,20
"620","Nebraska",2000,77.6,NA,NA,NA,288.3,20
"621","Nevada",1970,189.5,NA,NA,0.16155419,38.9,21
"622","Nevada",1971,190.5,NA,NA,0.16377378,44,21
"623","Nevada",1972,198.6,9.944233,NA,0.16599335,40.6,21
"624","Nevada",1973,201.5,9.980632,NA,0.16821294,40.3,21
"625","Nevada",1974,204.7,9.928623,NA,0.17043251,41.9,21
"626","Nevada",1975,205.2,9.915459,NA,0.1726521,44.5,21
"627","Nevada",1976,201.4,9.955231,NA,0.17487168,44.9,21
"628","Nevada",1977,190.8,10.000601,NA,0.17709126,49.3,21
"629","Nevada",1978,187,10.069867,NA,0.17931084,54.3,21
"630","Nevada",1979,183.3,10.056074,NA,0.18153042,57.1,21
"631","Nevada",1980,177.7,10.0342455,NA,0.18375,63.1,21
"632","Nevada",1981,171.9,10.005963,NA,0.17854194,63.3,21
"633","Nevada",1982,165.1,9.956868,NA,0.17333388,71.6,21
"634","Nevada",1983,159.2,9.963725,NA,0.16812582,81.9,21
"635","Nevada",1984,136.6,9.994218,35.1,0.16291776,99.8,21
"636","Nevada",1985,146.7,10.025677,35.7,0.1577097,109.3,21
"637","Nevada",1986,142.6,10.063729,37.2,0.15250164,106.6,21
"638","Nevada",1987,147.7,10.07728,37.7,0.14729358,114,21
"639","Nevada",1988,141.9,10.098186,39.3,0.14208552,129.6,21
"640","Nevada",1989,137.9,10.129832,40.4,0.13687746,145.6,21
"641","Nevada",1990,137.3,10.121194,40.2,0.1316694,173.7,21
"642","Nevada",1991,115.5,10.105574,37.7,NA,186.3,21
"643","Nevada",1992,110,10.127095,36.4,NA,193.8,21
"644","Nevada",1993,108.1,10.137125,35.1,NA,196.8,21
"645","Nevada",1994,105.2,10.162395,35.1,NA,190.3,21
"646","Nevada",1995,100.9,10.180809,34.3,NA,190.4,21
"647","Nevada",1996,99,10.206777,35.2,NA,195,21
"648","Nevada",1997,95.6,10.186462,34.4,NA,198.5,21
"649","Nevada",1998,102.4,NA,NA,NA,200.6,21
"650","Nevada",1999,103.9,NA,NA,NA,225.8,21
"651","Nevada",2000,93.2,NA,NA,NA,303.5,21
"652","New Hampshire",1970,265.7,NA,NA,0.17073171,31.4,22
"653","New Hampshire",1971,278,NA,NA,0.1723339,34.1,22
"654","New Hampshire",1972,296.2,9.736376,NA,0.17393607,36.1,22
"655","New Hampshire",1973,279,9.774945,NA,0.17553826,36.9,22
"656","New Hampshire",1974,269.8,9.747308,NA,0.17714043,37.9,22
"657","New Hampshire",1975,269.1,9.718851,NA,0.17874262,40.8,22
"658","New Hampshire",1976,290.5,9.777043,NA,0.1803448,43.9,22
"659","New Hampshire",1977,278.8,9.806763,NA,0.18194698,45,22
"660","New Hampshire",1978,269.6,9.8531685,NA,0.18354917,49.7,22
"661","New Hampshire",1979,254.6,9.865933,NA,0.18515134,53.2,22
"662","New Hampshire",1980,247.8,9.860694,NA,0.18675353,55.3,22
"663","New Hampshire",1981,245.4,9.867043,NA,0.18237484,58.4,22
"664","New Hampshire",1982,239.8,9.8762455,NA,0.17799614,67,22
"665","New Hampshire",1983,232.9,9.940468,NA,0.17361747,74.7,22
"666","New Hampshire",1984,215.1,10.006829,35.6,0.16923878,90.5,22
"667","New Hampshire",1985,201.1,10.061333,35.7,0.16486008,89.2,22
"668","New Hampshire",1986,195.9,10.126132,34.7,0.1604814,100,22
"669","New Hampshire",1987,195.1,10.146291,34.7,0.1561027,102,22
"670","New Hampshire",1988,180.4,10.17227,34.1,0.15172403,113.5,22
"671","New Hampshire",1989,172.9,10.159909,33.3,0.14734533,125.9,22
"672","New Hampshire",1990,152.4,10.122781,32.9,0.14296664,135.9,22
"673","New Hampshire",1991,144.8,10.11431,32.9,NA,153.9,22
"674","New Hampshire",1992,143.7,10.12097,32.2,NA,164.4,22
"675","New Hampshire",1993,148.9,10.111755,32.4,NA,181.1,22
"676","New Hampshire",1994,153.8,10.156466,31,NA,157.8,22
"677","New Hampshire",1995,158.5,10.213221,31,NA,163.9,22
"678","New Hampshire",1996,158,10.228954,31.1,NA,168.6,22
"679","New Hampshire",1997,174.4,10.230845,31.3,NA,176.6,22
"680","New Hampshire",1998,173.8,NA,NA,NA,197,22
"681","New Hampshire",1999,171.7,NA,NA,NA,222.8,22
"682","New Hampshire",2000,147.3,NA,NA,NA,313.9,22
"683","New Mexico",1970,90,NA,NA,0.18485743,39.7,23
"684","New Mexico",1971,92.6,NA,NA,0.1860954,41.7,23
"685","New Mexico",1972,99.3,9.55779,NA,0.18733338,41.1,23
"686","New Mexico",1973,98.9,9.592716,NA,0.18857135,41.8,23
"687","New Mexico",1974,100.3,9.584766,NA,0.18980932,43.7,23
"688","New Mexico",1975,103.1,9.5968895,NA,0.19104728,46.3,23
"689","New Mexico",1976,102.4,9.632618,NA,0.19228525,49.5,23
"690","New Mexico",1977,102.4,9.669968,NA,0.19352323,51.6,23
"691","New Mexico",1978,103.1,9.717297,NA,0.1947612,56,23
"692","New Mexico",1979,101,9.699997,NA,0.19599918,57.6,23
"693","New Mexico",1980,102.7,9.677752,NA,0.19723715,62.6,23
"694","New Mexico",1981,103,9.680828,NA,0.19150561,63,23
"695","New Mexico",1982,97.5,9.678599,NA,0.18577409,69.4,23
"696","New Mexico",1983,96.3,9.686483,NA,0.18004255,79.6,23
"697","New Mexico",1984,88.9,9.707866,28.3,0.17431101,90.2,23
"698","New Mexico",1985,88,9.73475,28.7,0.16857949,97.5,23
"699","New Mexico",1986,88.2,9.7369,27.9,0.16284795,101.2,23
"700","New Mexico",1987,82.3,9.729162,27.8,0.15711641,110.2,23
"701","New Mexico",1988,77.7,9.743268,27.2,0.15138488,113.7,23
"702","New Mexico",1989,74.4,9.760063,27.9,0.14565335,127.2,23
"703","New Mexico",1990,70.8,9.765913,27.2,0.13992181,133.6,23
"704","New Mexico",1991,69.9,9.768038,27.1,NA,146.9,23
"705","New Mexico",1992,71.4,9.784279,26.7,NA,165.4,23
"706","New Mexico",1993,69,9.806236,26.4,NA,172.2,23
"707","New Mexico",1994,68.2,9.827472,25.4,NA,158.4,23
"708","New Mexico",1995,67,9.871939,27.4,NA,163.5,23
"709","New Mexico",1996,65.7,9.878764,27.2,NA,170.8,23
"710","New Mexico",1997,61.8,9.86426,27,NA,176,23
"711","New Mexico",1998,62.6,NA,NA,NA,183.8,23
"712","New Mexico",1999,59.7,NA,NA,NA,201.8,23
"713","New Mexico",2000,53.8,NA,NA,NA,279.8,23
"714","North Carolina",1970,172.4,NA,NA,0.19354838,27.3,24
"715","North Carolina",1971,187.6,NA,NA,0.19367671,29.4,24
"716","North Carolina",1972,214.1,9.590858,NA,0.19380504,28.7,24
"717","North Carolina",1973,226.5,9.644995,NA,0.19393337,28.9,24
"718","North Carolina",1974,227.3,9.621204,NA,0.1940617,30.1,24
"719","North Carolina",1975,226,9.590678,NA,0.19419003,32.9,24
"720","North Carolina",1976,230.2,9.6371355,NA,0.19431837,35.8,24
"721","North Carolina",1977,217,9.656975,NA,0.1944467,36.6,24
"722","North Carolina",1978,205.5,9.69771,NA,0.19457503,41.8,24
"723","North Carolina",1979,197.3,9.681352,NA,0.19470336,43.7,24
"724","North Carolina",1980,187.8,9.6566,NA,0.19483168,47.3,24
"725","North Carolina",1981,179.3,9.661784,NA,0.19096653,50,24
"726","North Carolina",1982,179,9.649224,NA,0.1871014,55.5,24
"727","North Carolina",1983,169.8,9.693887,NA,0.18323624,66,24
"728","North Carolina",1984,160.6,9.753726,19.8,0.1793711,75,24
"729","North Carolina",1985,156.3,9.781757,19.7,0.17550595,78.9,24
"730","North Carolina",1986,154.4,9.830363,20,0.1716408,83.7,24
"731","North Carolina",1987,150.5,9.854593,20,0.16777566,90.6,24
"732","North Carolina",1988,146,9.882553,20.1,0.16391051,96,24
"733","North Carolina",1989,139.3,9.889289,20.3,0.16004537,107.6,24
"734","North Carolina",1990,133.7,9.903341,20.9,0.15618022,116.4,24
"735","North Carolina",1991,132.7,9.893853,20.2,NA,126.6,24
"736","North Carolina",1992,128.9,9.923104,20.7,NA,145,24
"737","North Carolina",1993,129.7,9.940663,20.9,NA,153.5,24
"738","North Carolina",1994,112.7,9.966932,20.8,NA,135.9,24
"739","North Carolina",1995,124.9,10.021808,20.5,NA,142.3,24
"740","North Carolina",1996,129.7,10.0451355,21.1,NA,145.6,24
"741","North Carolina",1997,125.6,10.051292,21.3,NA,152,24
"742","North Carolina",1998,126,NA,NA,NA,167.6,24
"743","North Carolina",1999,113.1,NA,NA,NA,186.8,24
"744","North Carolina",2000,109,NA,NA,NA,257.3,24
"745","North Dakota",1970,93.8,NA,NA,0.18446602,37.3,25
"746","North Dakota",1971,98.5,NA,NA,0.18638696,38.9,25
"747","North Dakota",1972,103.8,9.697235,NA,0.18830788,38.9,25
"748","North Dakota",1973,108.7,9.984169,NA,0.19022882,39.4,25
"749","North Dakota",1974,110.5,9.864307,NA,0.19214974,39.9,25
"750","North Dakota",1975,117.9,9.806704,NA,0.19407068,42.6,25
"751","North Dakota",1976,125.4,9.72551,NA,0.19599162,45.9,25
"752","North Dakota",1977,122.2,9.693218,NA,0.19791254,47.4,25
"753","North Dakota",1978,121.9,9.859668,NA,0.19983348,53.2,25
"754","North Dakota",1979,121.3,9.782693,NA,0.2017544,55,25
"755","North Dakota",1980,123.7,9.610509,NA,0.20367534,59.6,25
"756","North Dakota",1981,125.7,9.761848,NA,0.19795687,62,25
"757","North Dakota",1982,126.8,9.764914,NA,0.19223839,67.8,25
"758","North Dakota",1983,119.6,9.792011,NA,0.18651992,77.9,25
"759","North Dakota",1984,109.4,9.795627,24,0.18080144,94.4,25
"760","North Dakota",1985,103.2,9.793513,23.1,0.17508297,100.6,25
"761","North Dakota",1986,99.8,9.804612,23,0.1693645,104.2,25
"762","North Dakota",1987,92.3,9.789935,23.3,0.16364601,110.3,25
"763","North Dakota",1988,87.1,9.692096,24.1,0.15792754,123.3,25
"764","North Dakota",1989,84.1,9.786231,24.5,0.15220906,135.9,25
"765","North Dakota",1990,77.1,9.84136,26.6,0.14649059,144.3,25
"766","North Dakota",1991,85.2,9.819377,26.1,NA,159.8,25
"767","North Dakota",1992,74.3,9.882981,25.4,NA,168.3,25
"768","North Dakota",1993,83,9.853105,25.6,NA,177.6,25
"769","North Dakota",1994,81,9.916486,25.8,NA,180.1,25
"770","North Dakota",1995,80.6,9.884033,25.5,NA,179.5,25
"771","North Dakota",1996,80.8,9.960636,26.6,NA,182.7,25
"772","North Dakota",1997,77.5,9.908545,26.4,NA,194.1,25
"773","North Dakota",1998,79.1,NA,NA,NA,205.2,25
"774","North Dakota",1999,74.7,NA,NA,NA,223.6,25
"775","North Dakota",2000,72.5,NA,NA,NA,297.5,25
"776","Ohio",1970,121.6,NA,NA,0.17321949,36.6,26
"777","Ohio",1971,124.6,NA,NA,0.17453988,38.1,26
"778","Ohio",1972,124.4,9.779579,NA,0.17586027,38.4,26
"779","Ohio",1973,120.5,9.826632,NA,0.17718066,42,26
"780","Ohio",1974,122.1,9.811853,NA,0.17850105,42.9,26
"781","Ohio",1975,122.5,9.78323,NA,0.17982145,46,26
"782","Ohio",1976,124.6,9.831858,NA,0.18114184,48.5,26
"783","Ohio",1977,127.3,9.872402,NA,0.18246223,49.8,26
"784","Ohio",1978,131.3,9.89935,NA,0.18378262,53.9,26
"785","Ohio",1979,130.9,9.89159,NA,0.18510301,56.3,26
"786","Ohio",1980,133.5,9.850911,NA,0.1864234,58.7,26
"787","Ohio",1981,132.8,9.835517,NA,0.18227963,61.4,26
"788","Ohio",1982,134,9.815445,NA,0.17813586,68.3,26
"789","Ohio",1983,130,9.836498,NA,0.17399208,82.5,26
"790","Ohio",1984,127.1,9.884094,24.9,0.16984831,89.2,26
"791","Ohio",1985,126.7,9.904476,24.2,0.16570452,92.2,26
"792","Ohio",1986,126.3,9.938112,23.4,0.16156074,98.1,26
"793","Ohio",1987,124.6,9.943063,23.9,0.15741697,102.2,26
"794","Ohio",1988,122.4,9.968595,23.7,0.1532732,108.4,26
"795","Ohio",1989,118.6,9.977871,23.9,0.14912942,120.5,26
"796","Ohio",1990,115.5,9.977726,23.9,0.14498565,135.4,26
"797","Ohio",1991,113.2,9.96233,23.6,NA,139.8,26
"798","Ohio",1992,112.3,9.982689,23,NA,159.6,26
"799","Ohio",1993,108.9,9.989721,23,NA,162.5,26
"800","Ohio",1994,108.6,10.031492,23,NA,151.2,26
"801","Ohio",1995,111.7,10.080514,22.8,NA,155.6,26
"802","Ohio",1996,107.6,10.097258,23.3,NA,159.7,26
"803","Ohio",1997,108.6,10.09318,23,NA,166.8,26
"804","Ohio",1998,106.4,NA,NA,NA,172.9,26
"805","Ohio",1999,104,NA,NA,NA,193.2,26
"806","Ohio",2000,99.9,NA,NA,NA,265.4,26
"807","Oklahoma",1970,108.4,NA,NA,0.17545916,38.4,27
"808","Oklahoma",1971,115.4,NA,NA,0.17652482,39.8,27
"809","Oklahoma",1972,121.7,9.625027,NA,0.17759047,39.8,27
"810","Oklahoma",1973,124.1,9.682419,NA,0.17865612,40.4,27
"811","Oklahoma",1974,130.5,9.675103,NA,0.17972177,41,27
"812","Oklahoma",1975,132.9,9.682616,NA,0.18078743,43.6,27
"813","Oklahoma",1976,138.6,9.71226,NA,0.18185309,46.4,27
"814","Oklahoma",1977,140.4,9.740367,NA,0.18291874,47.9,27
"815","Oklahoma",1978,143.6,9.782526,NA,0.18398438,53.1,27
"816","Oklahoma",1979,141.6,9.809667,NA,0.18505004,55.5,27
"817","Oklahoma",1980,141.6,9.811438,NA,0.1861157,62.9,27
"818","Oklahoma",1981,143.7,9.84499,NA,0.18176825,65.8,27
"819","Oklahoma",1982,147,9.85314,NA,0.17742081,71.7,27
"820","Oklahoma",1983,140,9.804846,NA,0.17307337,83.9,27
"821","Oklahoma",1984,128.1,9.813323,17.8,0.16872592,93.3,27
"822","Oklahoma",1985,124.2,9.81613,18.1,0.1643785,95.1,27
"823","Oklahoma",1986,119.9,9.801922,18.3,0.16003105,104.6,27
"824","Oklahoma",1987,113.1,9.779805,18.2,0.1556836,114.4,27
"825","Oklahoma",1988,103.6,9.80147,18.3,0.15133616,122.6,27
"826","Oklahoma",1989,97.5,9.818206,18.4,0.14698872,133.4,27
"827","Oklahoma",1990,88.4,9.828145,19.7,0.14264128,146.1,27
"828","Oklahoma",1991,87.8,9.822683,19.7,NA,149.1,27
"829","Oklahoma",1992,86.3,9.844191,19.9,NA,170.6,27
"830","Oklahoma",1993,86.2,9.848171,20,NA,182.4,27
"831","Oklahoma",1994,104.8,9.861187,20.4,NA,163.4,27
"832","Oklahoma",1995,109.5,9.8983755,20,NA,161.1,27
"833","Oklahoma",1996,110.8,9.918806,19.9,NA,162.7,27
"834","Oklahoma",1997,111.8,9.919992,20.1,NA,172,27
"835","Oklahoma",1998,112.2,NA,NA,NA,183.6,27
"836","Oklahoma",1999,111.4,NA,NA,NA,203.4,27
"837","Oklahoma",2000,108.9,NA,NA,NA,272.6,27
"838","Pennsylvania",1970,107.3,NA,NA,0.16337599,38.4,28
"839","Pennsylvania",1971,106.3,NA,NA,0.16508459,44.7,28
"840","Pennsylvania",1972,109,9.784274,NA,0.16679317,44.7,28
"841","Pennsylvania",1973,110.7,9.821088,NA,0.16850176,44.9,28
"842","Pennsylvania",1974,114.2,9.814226,NA,0.17021035,46.6,28
"843","Pennsylvania",1975,114.6,9.804516,NA,0.17191894,49.8,28
"844","Pennsylvania",1976,118.8,9.84331,NA,0.17362754,52.3,28
"845","Pennsylvania",1977,120.1,9.87337,NA,0.17533612,53.3,28
"846","Pennsylvania",1978,122.3,9.902813,NA,0.17704472,57.4,28
"847","Pennsylvania",1979,122.6,9.899785,NA,0.1787533,60.6,28
"848","Pennsylvania",1980,124,9.869998,NA,0.1804619,61.3,28
"849","Pennsylvania",1981,125.2,9.866444,NA,0.17645559,64.8,28
"850","Pennsylvania",1982,123.3,9.862766,NA,0.17244929,69.8,28
"851","Pennsylvania",1983,125.3,9.876906,NA,0.16844298,81.7,28
"852","Pennsylvania",1984,115.3,9.911305,24.9,0.16443667,97.7,28
"853","Pennsylvania",1985,115.8,9.944738,24.9,0.16043037,100.1,28
"854","Pennsylvania",1986,113.9,9.987108,25.2,0.15642406,104.9,28
"855","Pennsylvania",1987,110.6,10.000928,25.1,0.15241775,110,28
"856","Pennsylvania",1988,107.6,10.021413,25.3,0.14841144,112.3,28
"857","Pennsylvania",1989,107.1,10.047447,24.6,0.14440514,122.8,28
"858","Pennsylvania",1990,101.3,10.051471,25.8,0.14039883,133.7,28
"859","Pennsylvania",1991,102.5,10.049363,24.6,NA,144.1,28
"860","Pennsylvania",1992,96.2,10.06763,23.5,NA,176.2,28
"861","Pennsylvania",1993,94.7,10.068742,23.7,NA,183.8,28
"862","Pennsylvania",1994,95.4,10.092337,23.4,NA,158.1,28
"863","Pennsylvania",1995,95.4,10.130719,22.4,NA,161.7,28
"864","Pennsylvania",1996,93.3,10.155947,22.4,NA,169.4,28
"865","Pennsylvania",1997,92.9,10.152338,22.1,NA,176.5,28
"866","Pennsylvania",1998,92.1,NA,NA,NA,190.9,28
"867","Pennsylvania",1999,91.1,NA,NA,NA,205,28
"868","Pennsylvania",2000,87.9,NA,NA,NA,280.1,28
"869","Rhode Island",1970,123.9,NA,NA,0.18315789,39.3,29
"870","Rhode Island",1971,123.2,NA,NA,0.1838495,40.2,29
"871","Rhode Island",1972,134.4,9.770211,NA,0.18454109,41.6,29
"872","Rhode Island",1973,142,9.785204,NA,0.1852327,40.6,29
"873","Rhode Island",1974,146.1,9.765945,NA,0.1859243,41.3,29
"874","Rhode Island",1975,154.7,9.757126,NA,0.18661591,44.3,29
"875","Rhode Island",1976,150.2,9.795517,NA,0.1873075,52.2,29
"876","Rhode Island",1977,148.8,9.819708,NA,0.18799911,52.3,29
"877","Rhode Island",1978,146.8,9.842971,NA,0.18869072,56.3,29
"878","Rhode Island",1979,145.8,9.843946,NA,0.18938231,58.7,29
"879","Rhode Island",1980,149.3,9.835399,NA,0.19007392,60,29
"880","Rhode Island",1981,151.2,9.836284,NA,0.18641046,64.5,29
"881","Rhode Island",1982,146.3,9.842975,NA,0.18274699,71.6,29
"882","Rhode Island",1983,135.8,9.882348,NA,0.17908351,84,29
"883","Rhode Island",1984,136.9,9.931385,25.1,0.17542005,94.8,29
"884","Rhode Island",1985,133.4,9.955239,25.7,0.17175658,100.3,29
"885","Rhode Island",1986,136.3,10.002565,26,0.16809312,101.8,29
"886","Rhode Island",1987,124.4,10.027571,25.6,0.16442965,113.5,29
"887","Rhode Island",1988,138,10.065297,25.3,0.16076617,121.5,29
"888","Rhode Island",1989,120.8,10.080025,24.8,0.1571027,134.8,29
"889","Rhode Island",1990,101.4,10.059916,24,0.15343924,150.9,29
"890","Rhode Island",1991,103.6,10.039507,24.3,NA,170.3,29
"891","Rhode Island",1992,100.1,10.049703,22.8,NA,190,29
"892","Rhode Island",1993,94.1,10.066945,22.3,NA,197.9,29
"893","Rhode Island",1994,91.9,10.080224,22.6,NA,168.9,29
"894","Rhode Island",1995,90.8,10.135032,22.2,NA,209.6,29
"895","Rhode Island",1996,87.5,10.145525,21.7,NA,214.9,29
"896","Rhode Island",1997,90,10.153225,22.9,NA,217,29
"897","Rhode Island",1998,88.7,NA,NA,NA,232.2,29
"898","Rhode Island",1999,86.9,NA,NA,NA,251.7,29
"899","Rhode Island",2000,83.1,NA,NA,NA,322.9,29
"900","South Carolina",1970,103.6,NA,NA,0.20030876,32.5,30
"901","South Carolina",1971,115,NA,NA,0.20048928,34.3,30
"902","South Carolina",1972,118.7,9.509309,NA,0.20066981,34.1,30
"903","South Carolina",1973,125.5,9.563993,NA,0.20085034,33.5,30
"904","South Carolina",1974,129.7,9.558746,NA,0.20103087,35.2,30
"905","South Carolina",1975,130.5,9.527854,NA,0.2012114,38.1,30
"906","South Carolina",1976,136.8,9.574728,NA,0.20139192,41,30
"907","South Carolina",1977,137.2,9.589702,NA,0.20157245,42.2,30
"908","South Carolina",1978,140.4,9.626875,NA,0.20175298,49.2,30
"909","South Carolina",1979,135.7,9.623209,NA,0.2019335,50.2,30
"910","South Carolina",1980,138.3,9.601186,NA,0.20211403,52.3,30
"911","South Carolina",1981,136.1,9.600561,NA,0.197689,54.7,30
"912","South Carolina",1982,136,9.58379,NA,0.19326398,61.9,30
"913","South Carolina",1983,131.1,9.625991,NA,0.18883894,72.4,30
"914","South Carolina",1984,127,9.675049,22,0.18441392,81.3,30
"915","South Carolina",1985,125.4,9.697684,22.1,0.17998889,83,30
"916","South Carolina",1986,126.6,9.729729,22.9,0.17556386,88.7,30
"917","South Carolina",1987,126.6,9.754577,23.5,0.17113884,95.3,30
"918","South Carolina",1988,124.4,9.792579,24,0.1667138,99.9,30
"919","South Carolina",1989,122.4,9.796468,24,0.16228878,111.9,30
"920","South Carolina",1990,118.6,9.827639,25.6,0.15786375,125.2,30
"921","South Carolina",1991,121.5,9.810625,23.8,NA,129,30
"922","South Carolina",1992,112.8,9.825443,23.8,NA,151.9,30
"923","South Carolina",1993,115.2,9.834693,24.2,NA,164.5,30
"924","South Carolina",1994,112.2,9.867614,24.7,NA,139.1,30
"925","South Carolina",1995,109.2,9.909873,24.9,NA,140,30
"926","South Carolina",1996,102.9,9.926654,25.4,NA,149.5,30
"927","South Carolina",1997,124.5,9.936011,25.6,NA,153.9,30
"928","South Carolina",1998,126.9,NA,NA,NA,165.3,30
"929","South Carolina",1999,109.4,NA,NA,NA,179.6,30
"930","South Carolina",2000,103.9,NA,NA,NA,255.3,30
"931","South Dakota",1970,92.7,NA,NA,0.17867868,38.5,31
"932","South Dakota",1971,96.7,NA,NA,0.18049243,38.5,31
"933","South Dakota",1972,103,9.630849,NA,0.18230619,39.1,31
"934","South Dakota",1973,103.5,9.808781,NA,0.18411994,39.6,31
"935","South Dakota",1974,108.4,9.697824,NA,0.1859337,40.4,31
"936","South Dakota",1975,113.5,9.694462,NA,0.18774745,42.8,31
"937","South Dakota",1976,116.7,9.623668,NA,0.18956119,45,31
"938","South Dakota",1977,115.6,9.678478,NA,0.19137494,46.4,31
"939","South Dakota",1978,116.9,9.756708,NA,0.1931887,53.2,31
"940","South Dakota",1979,117.4,9.752883,NA,0.19500245,54.1,31
"941","South Dakota",1980,114.7,9.616186,NA,0.1968162,58.8,31
"942","South Dakota",1981,115.7,9.665717,NA,0.19100963,62.3,31
"943","South Dakota",1982,113,9.649113,NA,0.18520303,68,31
"944","South Dakota",1983,109.8,9.655467,NA,0.17939645,78.8,31
"945","South Dakota",1984,105.7,9.721091,21.7,0.17358987,89.8,31
"946","South Dakota",1985,104.4,9.719058,20.9,0.16778329,92.3,31
"947","South Dakota",1986,97,9.753733,21.2,0.1619767,108.5,31
"948","South Dakota",1987,95.8,9.779507,21.5,0.15617011,113.7,31
"949","South Dakota",1988,91.9,9.765355,21,0.15036353,124.7,31
"950","South Dakota",1989,87.4,9.814281,21.6,0.14455694,130.1,31
"951","South Dakota",1990,88.3,9.861736,23.4,0.13875036,138.9,31
"952","South Dakota",1991,91.8,9.869862,23.5,NA,150.3,31
"953","South Dakota",1992,93,9.896075,23.6,NA,163,31
"954","South Dakota",1993,91.6,9.902386,23.5,NA,180.3,31
"955","South Dakota",1994,94.8,9.972072,24.3,NA,154.4,31
"956","South Dakota",1995,98.6,9.924325,23.7,NA,162.1,31
"957","South Dakota",1996,92.3,9.987908,24.3,NA,171.2,31
"958","South Dakota",1997,88.8,9.955563,24.1,NA,181.7,31
"959","South Dakota",1998,88.3,NA,NA,NA,192.8,31
"960","South Dakota",1999,83.5,NA,NA,NA,207.9,31
"961","South Dakota",2000,75.1,NA,NA,NA,272.9,31
"962","Tennessee",1970,99.8,NA,NA,0.17804381,39.9,32
"963","Tennessee",1971,106.3,NA,NA,0.17881927,41.6,32
"964","Tennessee",1972,111.5,9.569716,NA,0.17959471,41.6,32
"965","Tennessee",1973,109.7,9.630975,NA,0.18037015,40.8,32
"966","Tennessee",1974,114.8,9.609496,NA,0.18114561,42.5,32
"967","Tennessee",1975,117.4,9.584546,NA,0.18192106,45.3,32
"968","Tennessee",1976,121.7,9.63203,NA,0.1826965,48.3,32
"969","Tennessee",1977,124.6,9.655991,NA,0.18347195,49.6,32
"970","Tennessee",1978,127.3,9.700672,NA,0.1842474,54.8,32
"971","Tennessee",1979,127.2,9.690542,NA,0.18502286,57.3,32
"972","Tennessee",1980,130.4,9.657698,NA,0.1857983,60.3,32
"973","Tennessee",1981,129.1,9.655215,NA,0.18210523,63.7,32
"974","Tennessee",1982,131.4,9.642689,NA,0.17841215,68.3,32
"975","Tennessee",1983,129,9.672341,NA,0.17471907,79.1,32
"976","Tennessee",1984,125.1,9.729241,19.7,0.17102599,88.3,32
"977","Tennessee",1985,128.7,9.757005,19.8,0.16733292,92.5,32
"978","Tennessee",1986,129,9.814326,20.9,0.16363984,98.8,32
"979","Tennessee",1987,130.6,9.84234,21,0.15994677,103.5,32
"980","Tennessee",1988,125.3,9.864699,21.5,0.15625368,112.1,32
"981","Tennessee",1989,124.7,9.878853,21.1,0.1525606,121.5,32
"982","Tennessee",1990,121.8,9.879503,21.9,0.14886753,135,32
"983","Tennessee",1991,120.6,9.874686,21.4,NA,137.4,32
"984","Tennessee",1992,121,9.911444,21.7,NA,163.9,32
"985","Tennessee",1993,120.8,9.925889,21.6,NA,170.2,32
"986","Tennessee",1994,118.8,9.96069,21.5,NA,150.3,32
"987","Tennessee",1995,125.4,10.026259,21.4,NA,153,32
"988","Tennessee",1996,119.2,10.034496,21.5,NA,155.9,32
"989","Tennessee",1997,118.9,10.03078,21.3,NA,161.1,32
"990","Tennessee",1998,119.7,NA,NA,NA,167.7,32
"991","Tennessee",1999,115.6,NA,NA,NA,189.5,32
"992","Tennessee",2000,108.7,NA,NA,NA,261.2,32
"993","Texas",1970,106.4,NA,NA,0.18314135,40.4,33
"994","Texas",1971,108.9,NA,NA,0.18430856,42,33
"995","Texas",1972,108.6,9.675209,NA,0.18547577,46.9,33
"996","Texas",1973,110.4,9.725444,NA,0.18664297,46.4,33
"997","Texas",1974,114.7,9.722986,NA,0.18781018,47.5,33
"998","Texas",1975,116,9.734613,NA,0.18897739,50.6,33
"999","Texas",1976,121.4,9.780997,NA,0.19014458,53.3,33
"1000","Texas",1977,124.2,9.812738,NA,0.19131179,53.3,33
"1001","Texas",1978,126.6,9.863807,NA,0.192479,59.1,33
"1002","Texas",1979,126.4,9.877561,NA,0.19364621,62.2,33
"1003","Texas",1980,129.7,9.86858,NA,0.19481342,63.7,33
"1004","Texas",1981,129,9.898189,NA,0.19055006,66.9,33
"1005","Texas",1982,131.2,9.887209,NA,0.18628672,73.8,33
"1006","Texas",1983,126.4,9.880212,NA,0.18202336,84.1,33
"1007","Texas",1984,117.2,9.909603,29.8,0.17776,93.8,33
"1008","Texas",1985,115.9,9.928036,29.1,0.17349666,102.1,33
"1009","Texas",1986,113.7,9.8984,29,0.1692333,105.5,33
"1010","Texas",1987,105.8,9.88912,27.5,0.16496995,114.4,33
"1011","Texas",1988,96.5,9.905223,27.5,0.1607066,128,33
"1012","Texas",1989,94.5,9.919108,27.6,0.15644325,137,33
"1013","Texas",1990,85.6,9.930641,29,0.1521799,145.7,33
"1014","Texas",1991,79.4,9.930667,27.7,NA,173.6,33
"1015","Texas",1992,77.2,9.957264,28.5,NA,186,33
"1016","Texas",1993,81.3,9.964247,28.1,NA,204.6,33
"1017","Texas",1994,78.8,9.974076,28.3,NA,177.7,33
"1018","Texas",1995,75.2,10.031839,27.1,NA,185,33
"1019","Texas",1996,74.6,10.052818,27.1,NA,188.4,33
"1020","Texas",1997,72.6,10.070798,27,NA,189.8,33
"1021","Texas",1998,73.2,NA,NA,NA,201.8,33
"1022","Texas",1999,67.6,NA,NA,NA,225,33
"1023","Texas",2000,69.3,NA,NA,NA,292.3,33
"1024","Utah",1970,65.5,NA,NA,0.20207743,34.6,34
"1025","Utah",1971,67.7,NA,NA,0.20206134,36.6,34
"1026","Utah",1972,71.3,9.601122,NA,0.20204525,37.2,34
"1027","Utah",1973,72.7,9.626667,NA,0.20202915,36.5,34
"1028","Utah",1974,75.6,9.612169,NA,0.20201306,37.8,34
"1029","Utah",1975,75.8,9.601021,NA,0.20199697,40.5,34
"1030","Utah",1976,77.9,9.64516,NA,0.20198087,43.4,34
"1031","Utah",1977,78,9.673471,NA,0.20196478,44.7,34
"1032","Utah",1978,79.6,9.70817,NA,0.20194869,49.5,34
"1033","Utah",1979,79.1,9.694103,NA,0.2019326,53.7,34
"1034","Utah",1980,74.8,9.654541,NA,0.2019165,57.2,34
"1035","Utah",1981,77.6,9.640061,NA,0.198395,62.7,34
"1036","Utah",1982,73.6,9.628076,NA,0.1948735,68.1,34
"1037","Utah",1983,69,9.643308,NA,0.191352,82,34
"1038","Utah",1984,66.3,9.678898,13.4,0.1878305,95.3,34
"1039","Utah",1985,66.5,9.697767,13.8,0.184309,104.6,34
"1040","Utah",1986,64.4,9.715573,13.7,0.1807875,103.5,34
"1041","Utah",1987,67.7,9.719886,13,0.177266,108.6,34
"1042","Utah",1988,55,9.7291565,12.8,0.1737445,122.9,34
"1043","Utah",1989,57,9.74602,12.7,0.170223,135.6,34
"1044","Utah",1990,53.4,9.755159,12.7,0.1667015,151.9,34
"1045","Utah",1991,53.5,9.762184,13.2,NA,167.1,34
"1046","Utah",1992,55,9.783387,13,NA,170.1,34
"1047","Utah",1993,56.2,9.793717,21.9,NA,180.1,34
"1048","Utah",1994,55.8,9.836629,12.9,NA,160.4,34
"1049","Utah",1995,52,9.872345,12.8,NA,168.8,34
"1050","Utah",1996,54,9.904766,13.2,NA,174.9,34
"1051","Utah",1997,57,9.91558,13,NA,186.2,34
"1052","Utah",1998,42.3,NA,NA,NA,222.7,34
"1053","Utah",1999,43.9,NA,NA,NA,243.7,34
"1054","Utah",2000,40.7,NA,NA,NA,312.9,34
"1055","Vermont",1970,122.6,NA,NA,0.17977528,37.7,35
"1056","Vermont",1971,124.4,NA,NA,0.18136722,39.5,35
"1057","Vermont",1972,138,9.673069,NA,0.18295917,40,35
"1058","Vermont",1973,146.8,9.699159,NA,0.18455112,39.8,35
"1059","Vermont",1974,151.8,9.661792,NA,0.18614306,41.3,35
"1060","Vermont",1975,155.5,9.637124,NA,0.18773499,41.8,35
"1061","Vermont",1976,171.1,9.680714,NA,0.18932694,47.1,35
"1062","Vermont",1977,169.4,9.687761,NA,0.1909189,47,35
"1063","Vermont",1978,162.4,9.746978,NA,0.19251083,52.5,35
"1064","Vermont",1979,160.9,9.747611,NA,0.19410276,54.8,35
"1065","Vermont",1980,161.6,9.722965,NA,0.19569471,58.9,35
"1066","Vermont",1981,163.8,9.72744,NA,0.19110663,61,35
"1067","Vermont",1982,162.3,9.723439,NA,0.18651854,66.8,35
"1068","Vermont",1983,153.8,9.759017,NA,0.18193045,77,35
"1069","Vermont",1984,144.3,9.80524,26.3,0.17734236,90.6,35
"1070","Vermont",1985,144.5,9.848504,26.6,0.17275427,95.5,35
"1071","Vermont",1986,131.2,9.907775,27.6,0.16816619,104.9,35
"1072","Vermont",1987,128.3,9.935688,27.8,0.1635781,113.8,35
"1073","Vermont",1988,128.7,9.960271,27,0.15899001,123.7,35
"1074","Vermont",1989,120.9,9.992056,26,0.15440191,129.7,35
"1075","Vermont",1990,124.3,9.972933,26.1,0.14981383,143.7,35
"1076","Vermont",1991,120.9,9.9512825,25,NA,150.1,35
"1077","Vermont",1992,126.5,9.976772,23.9,NA,168,35
"1078","Vermont",1993,117.2,9.979687,23.7,NA,173.8,35
"1079","Vermont",1994,120.3,9.993938,23.3,NA,159.6,35
"1080","Vermont",1995,123.2,10.04172,22.8,NA,160.1,35
"1081","Vermont",1996,102.5,10.0610075,23.3,NA,196.4,35
"1082","Vermont",1997,97.7,10.043397,2.5,NA,201.9,35
"1083","Vermont",1998,97,NA,NA,NA,213.9,35
"1084","Vermont",1999,94.1,NA,NA,NA,233.7,35
"1085","Vermont",2000,88.9,NA,NA,NA,301.1,35
"1086","Virginia",1970,124.3,NA,NA,0.18942162,28.8,36
"1087","Virginia",1971,128.4,NA,NA,0.18987352,30.2,36
"1088","Virginia",1972,137,9.736405,NA,0.19032541,29.9,36
"1089","Virginia",1973,143.1,9.781525,NA,0.19077729,30.1,36
"1090","Virginia",1974,149.6,9.772517,NA,0.19122918,31.3,36
"1091","Virginia",1975,152.7,9.761777,NA,0.19168107,33.6,36
"1092","Virginia",1976,158.1,9.799573,NA,0.19213296,37.9,36
"1093","Virginia",1977,157.7,9.828063,NA,0.19258486,38.4,36
"1094","Virginia",1978,155.9,9.868163,NA,0.19303674,42.8,36
"1095","Virginia",1979,151.8,9.870887,NA,0.19348863,45.8,36
"1096","Virginia",1980,148.9,9.866592,NA,0.19394052,48.5,36
"1097","Virginia",1981,149.9,9.86719,NA,0.18980613,51.8,36
"1098","Virginia",1982,147.4,9.870553,NA,0.18567173,56.4,36
"1099","Virginia",1983,144.7,9.907087,NA,0.18153733,68.8,36
"1100","Virginia",1984,136.8,9.955709,22.4,0.17740294,76,36
"1101","Virginia",1985,134.6,9.98497,22.4,0.17326856,83.6,36
"1102","Virginia",1986,135.8,10.031905,23.4,0.16913415,91.3,36
"1103","Virginia",1987,133,10.054426,23.5,0.16499975,94.6,36
"1104","Virginia",1988,129.5,10.078459,23.3,0.16086537,102.1,36
"1105","Virginia",1989,122.5,10.097958,23.6,0.15673098,109.4,36
"1106","Virginia",1990,118.9,10.086529,24,0.15259658,128.6,36
"1107","Virginia",1991,109.1,10.071378,23,NA,136.5,36
"1108","Virginia",1992,108.2,10.080651,22.5,NA,157.9,36
"1109","Virginia",1993,105.4,10.082791,22.2,NA,165.7,36
"1110","Virginia",1994,106.2,10.106278,21.7,NA,156.5,36
"1111","Virginia",1995,106.7,10.156244,20.7,NA,157.5,36
"1112","Virginia",1996,104.6,10.171831,20.6,NA,159.6,36
"1113","Virginia",1997,108,10.170565,20.5,NA,159.6,36
"1114","Virginia",1998,105.6,NA,NA,NA,162.2,36
"1115","Virginia",1999,102.1,NA,NA,NA,183.7,36
"1116","Virginia",2000,96.7,NA,NA,NA,252.8,36
"1117","West Virginia",1970,114.5,NA,NA,0.17259175,33.7,37
"1118","West Virginia",1971,111.5,NA,NA,0.17312744,41.6,37
"1119","West Virginia",1972,117.5,9.542988,NA,0.17366314,41.3,37
"1120","West Virginia",1973,116.6,9.569655,NA,0.17419884,39.9,37
"1121","West Virginia",1974,119.9,9.565596,NA,0.17473453,42,37
"1122","West Virginia",1975,123.2,9.585304,NA,0.17527023,45.2,37
"1123","West Virginia",1976,129.7,9.626164,NA,0.17580593,48.4,37
"1124","West Virginia",1977,133.9,9.658364,NA,0.17634162,48.9,37
"1125","West Virginia",1978,131.6,9.687846,NA,0.17687732,53.9,37
"1126","West Virginia",1979,122.1,9.6838665,NA,0.17741302,62.4,37
"1127","West Virginia",1980,122.3,9.652032,NA,0.17794871,64.3,37
"1128","West Virginia",1981,120.5,9.629269,NA,0.17466916,66.2,37
"1129","West Virginia",1982,119.8,9.626738,NA,0.17138961,75.1,37
"1130","West Virginia",1983,115.7,9.612957,NA,0.16811006,88.2,37
"1131","West Virginia",1984,111.9,9.640779,19.7,0.1648305,97.2,37
"1132","West Virginia",1985,109.1,9.651716,19.7,0.16155097,103.2,37
"1133","West Virginia",1986,112.1,9.688001,19.6,0.15827142,104.1,37
"1134","West Virginia",1987,107.5,9.683081,19.9,0.15499187,112.8,37
"1135","West Virginia",1988,109.1,9.708301,20.1,0.15171231,122.2,37
"1136","West Virginia",1989,104,9.724772,20.2,0.14843276,131.2,37
"1137","West Virginia",1990,104.1,9.748378,21.7,0.14515321,142.9,37
"1138","West Virginia",1991,100.1,9.757508,21.5,NA,144.1,37
"1139","West Virginia",1992,97.9,9.784765,21,NA,158.2,37
"1140","West Virginia",1993,111,9.794651,21.6,NA,166.2,37
"1141","West Virginia",1994,104.2,9.830106,21.5,NA,150.1,37
"1142","West Virginia",1995,115.2,9.83427,20.9,NA,156.8,37
"1143","West Virginia",1996,112.7,9.845186,21,NA,157.3,37
"1144","West Virginia",1997,114.5,9.837127,21,NA,160.9,37
"1145","West Virginia",1998,114.6,NA,NA,NA,171.1,37
"1146","West Virginia",1999,112.4,NA,NA,NA,192.4,37
"1147","West Virginia",2000,107.9,NA,NA,NA,253.7,37
"1148","Wisconsin",1970,106.4,NA,NA,0.174287,38.5,38
"1149","Wisconsin",1971,105.4,NA,NA,0.17634407,40.2,38
"1150","Wisconsin",1972,108.8,9.749259,NA,0.17840113,40.3,38
"1151","Wisconsin",1973,109.5,9.797751,NA,0.18045819,42.6,38
"1152","Wisconsin",1974,111.8,9.782349,NA,0.18251525,43.9,38
"1153","Wisconsin",1975,113.5,9.766184,NA,0.18457231,46.6,38
"1154","Wisconsin",1976,115.4,9.807609,NA,0.18662938,51.3,38
"1155","Wisconsin",1977,117.2,9.852298,NA,0.18868645,52.1,38
"1156","Wisconsin",1978,116.7,9.88982,NA,0.1907435,57.1,38
"1157","Wisconsin",1979,117.1,9.892312,NA,0.19280057,58.7,38
"1158","Wisconsin",1980,117.6,9.855584,NA,0.19485763,61.2,38
"1159","Wisconsin",1981,119.9,9.834293,NA,0.18977982,64.9,38
"1160","Wisconsin",1982,115.6,9.821299,NA,0.18470201,75,38
"1161","Wisconsin",1983,106.3,9.83835,NA,0.1796242,92,38
"1162","Wisconsin",1984,105.6,9.881549,32.9,0.17454639,100.8,38
"1163","Wisconsin",1985,107,9.894386,32.1,0.16946858,106.8,38
"1164","Wisconsin",1986,105.4,9.932973,32.7,0.16439077,110.8,38
"1165","Wisconsin",1987,106,9.941294,31.5,0.15931296,116.3,38
"1166","Wisconsin",1988,102.6,9.947214,31,0.15423515,128.6,38
"1167","Wisconsin",1989,100.3,9.965262,30.2,0.14915735,138.3,38
"1168","Wisconsin",1990,94,9.9693365,30.5,0.14407954,151.1,38
"1169","Wisconsin",1991,95.5,9.960521,29,NA,158.6,38
"1170","Wisconsin",1992,96.2,9.99266,28.1,NA,176.5,38
"1171","Wisconsin",1993,91.2,9.999533,28.3,NA,195.5,38
"1172","Wisconsin",1994,91.8,10.031682,28.3,NA,178.6,38
"1173","Wisconsin",1995,93.5,10.07112,28,NA,188,38
"1174","Wisconsin",1996,92.1,10.090001,27.6,NA,200.5,38
"1175","Wisconsin",1997,91.9,10.093844,28.6,NA,200.7,38
"1176","Wisconsin",1998,88.7,NA,NA,NA,210.8,38
"1177","Wisconsin",1999,84.4,NA,NA,NA,243.5,38
"1178","Wisconsin",2000,80.1,NA,NA,NA,312.8,38
"1179","Wyoming",1970,132.2,NA,NA,0.1746988,34.1,39
"1180","Wyoming",1971,131.7,NA,NA,0.17722893,34.4,39
"1181","Wyoming",1972,140,9.76671,NA,0.17975904,34.4,39
"1182","Wyoming",1973,141.2,9.843485,NA,0.18228915,34.4,39
"1183","Wyoming",1974,145.8,9.85929,NA,0.18481928,35.8,39
"1184","Wyoming",1975,160.7,9.8481045,NA,0.18734941,38.6,39
"1185","Wyoming",1976,161.5,9.871498,NA,0.18987952,42.6,39
"1186","Wyoming",1977,160.4,9.923921,NA,0.19240963,43.4,39
"1187","Wyoming",1978,160.3,10.003533,NA,0.19493976,49.8,39
"1188","Wyoming",1979,168.6,10.016736,NA,0.19746989,51.7,39
"1189","Wyoming",1980,158.1,10.013955,NA,0.2,55.3,39
"1190","Wyoming",1981,163.1,9.99972,NA,0.19355176,55.9,39
"1191","Wyoming",1982,157.7,9.945314,NA,0.18710352,64.3,39
"1192","Wyoming",1983,141.2,9.884188,NA,0.18065529,71,39
"1193","Wyoming",1984,128.9,9.884352,26.3,0.17420705,81.7,39
"1194","Wyoming",1985,125.7,9.910659,26,0.16775882,87.4,39
"1195","Wyoming",1986,124.8,9.874267,24.5,0.16131058,97.8,39
"1196","Wyoming",1987,110.4,9.8398485,24.5,0.15486234,102.7,39
"1197","Wyoming",1988,114.3,9.870647,23.6,0.1484141,112.9,39
"1198","Wyoming",1989,111.4,9.892477,23,0.14196587,118.6,39
"1199","Wyoming",1990,96.9,9.939313,25.1,0.13551763,129.5,39
"1200","Wyoming",1991,109.1,9.978408,24.7,NA,136,39
"1201","Wyoming",1992,110.8,9.979329,24.7,NA,155.1,39
"1202","Wyoming",1993,108.4,9.995123,24.3,NA,166.9,39
"1203","Wyoming",1994,111.2,10.003807,25,NA,147.4,39
"1204","Wyoming",1995,115,10.009491,23.6,NA,153,39
"1205","Wyoming",1996,110.3,10.016768,24.6,NA,162.5,39
"1206","Wyoming",1997,108.8,10.025613,24.6,NA,164.1,39
"1207","Wyoming",1998,102.9,NA,NA,NA,168.8,39
"1208","Wyoming",1999,104.8,NA,NA,NA,189.6,39
"1209","Wyoming",2000,90.5,NA,NA,NA,267.1,39
